0,1,2,3,L0,L1,L2,L3
0.223295088,0.849633843,0.801283288,0.117126215,0,1,0,0
0.370244459,0.761694412,0.477242324,0.850153809,0,1,0,1
0.13374497,0.929849492,0.054354642,0.705782995,0,1,0,1
0.63676224,0.876899247,0.415504119,0.41855069,1,1,0,1
0.320357322,0.405459556,0.502043997,0.355378673,0,1,0,0
0.845902009,0.979037835,0.382801392,0.398541278,1,1,0,0
0.412506732,0.636875157,0.966468427,0.126463919,0,1,1,0
0.18143393,0.087736795,0.521930655,0.076733292,0,0,0,0
0.250883044,0.988888133,0.664658543,0.611841097,0,1,0,1
0.406273086,0.847503845,0.419655632,0.40593228,0,1,0,0
0.357947409,0.627086249,0.468172736,0.420084254,0,1,0,1
0.631260456,0.985358151,0.753920318,0.198507184,1,1,0,0
0.120336051,0.617779224,0.162580362,0.618925109,0,1,0,1
0.881447022,0.911187029,0.985972332,0.866498032,1,1,1,1
0.633459122,0.773672915,0.784108257,0.826062994,1,1,0,1
0.180637562,0.111226353,0.865924107,0.365754668,0,0,1,0
0.797257198,0.40676778,0.905250207,0.276995422,1,1,1,0
0.612268989,0.512752805,0.191350303,0.603754497,1,1,0,1
0.662599162,0.485168276,0.844427095,0.005973302,1,1,1,0
0.773529265,0.041758771,0.957629768,0.55416382,1,0,1,1
0.057398002,0.992735645,0.656259829,0.989982584,0,1,0,1
0.704323997,0.143403933,0.581122689,0.65680547,1,0,0,1
0.532911061,0.453267218,0.57778859,0.885473167,1,1,0,1
0.405328481,0.977253805,0.758208561,0.030887015,0,1,0,0
0.120376312,0.188295739,0.181471468,0.931211963,0,0,0,1
0.3282737,0.28448312,0.356052564,0.177928617,0,0,0,0
0.745760275,0.08725266,0.990149968,0.280101572,1,0,1,0
0.971319809,0.705895833,0.33493363,0.786342823,1,1,0,1
0.051777996,0.616350769,0.153114024,0.146844473,0,1,0,0
0.557370511,0.802871126,0.261910792,0.488484687,1,1,0,1
0.059575651,0.929177008,0.467937746,0.474871446,0,1,0,1
0.990874294,0.55123117,0.391038458,0.838644788,1,1,0,1
0.848564183,0.7109705,0.615761253,0.307888186,1,1,0,0
0.173327067,0.27999325,0.66544709,0.191610676,0,0,0,0
0.16152589,0.673530121,0.76048112,0.639122121,0,1,0,1
0.052215979,0.251370642,0.748565671,0.978935303,0,0,0,1
0.477271869,0.100499356,0.663533953,0.649874716,0,0,0,1
0.451128404,0.482126081,0.441174851,0.126992302,0,1,0,0
0.547276331,0.220192129,0.071809665,0.932462988,1,0,0,1
0.892661219,0.278799797,0.486004283,0.94077563,1,0,0,1
0.981586076,0.597478407,0.162642808,0.195818811,1,1,0,0
0.357721238,0.887135806,0.263364782,0.136104469,0,1,0,0
0.509253425,0.342676582,0.087641771,0.792528385,1,0,0,1
0.831086798,0.098016296,0.682389255,0.826944228,1,0,0,1
0.492378803,0.309477202,0.431099994,0.789850748,0,0,0,1
0.176430124,0.521900008,0.395372254,0.566839972,0,1,0,1
0.344156812,0.039308725,0.012037363,0.172811575,0,0,0,0
0.028480924,0.486615645,0.33209735,0.29764892,0,1,0,0
0.520092676,0.456186264,0.275345373,0.513863451,1,1,0,1
0.152342064,0.905425746,0.2610134,0.125493813,0,1,0,0
0.214084774,0.762738629,0.981024651,0.662829398,0,1,1,1
0.687794186,0.296147417,0.648364689,0.586381907,1,0,0,1
0.260939506,0.35668896,0.444401745,0.205033978,0,0,0,0
0.448104645,0.281742498,0.619144312,0.831794047,0,0,0,1
0.637959842,0.470400012,0.042525127,0.30631086,1,1,0,0
0.622183076,0.179499385,0.961726328,0.241807967,1,0,1,0
0.769744343,0.89500918,0.511099467,0.451062118,1,1,0,1
0.008822286,0.527554854,0.127707723,0.96044672,0,1,0,1
0.494388613,0.569501624,0.466376482,0.169762561,0,1,0,0
0.116819149,0.52719487,0.253982835,0.124745612,0,1,0,0
0.235641476,0.054384778,0.579422528,0.081191896,0,0,0,0
0.498192228,0.292752182,0.517329718,0.289405922,0,0,0,0
0.312543831,0.281169475,0.772894565,0.666422252,0,0,0,1
0.656338746,0.608194379,0.30919719,0.421250928,1,1,0,1
0.918086344,0.244395503,0.197185075,0.071321815,1,0,0,0
0.75800441,0.257138237,0.617609,0.386392363,1,0,0,0
0.573045247,0.563025376,0.737460564,0.723341708,1,1,0,1
0.784674408,0.224454469,0.628489412,0.601280116,1,0,0,1
0.748162496,0.094215261,0.80378414,0.15803982,1,0,0,0
0.122712465,0.68620727,0.378422958,0.906327505,0,1,0,1
0.375799074,0.252099445,0.817651764,0.234325562,0,0,0,0
0.960640875,0.937306571,0.401805122,0.170848956,1,1,0,0
0.077134275,0.47741693,0.378720204,0.415039829,0,1,0,0
0.965683072,0.446263561,0.446447305,0.251037497,1,1,0,0
0.670049845,0.748093862,0.705767874,0.750360581,1,1,0,1
0.232821502,0.842360781,0.857911136,0.67705559,0,1,1,1
0.607017914,0.463243995,0.519800811,0.038016824,1,1,0,0
0.876554602,0.855099212,0.385807681,0.225135876,1,1,0,0
0.878639685,0.783800411,0.472589332,0.516725012,1,1,0,1
0.789452544,0.985039435,0.829790533,0.706730108,1,1,0,1
0.482126976,0.134668231,0.002309745,0.884139093,0,0,0,1
0.552602621,0.255551148,0.831003356,0.321007306,1,0,0,0
0.873994072,0.367345492,0.66133838,0.617073316,1,0,0,1
0.960395914,0.38217898,0.535481492,0.640934814,1,0,0,1
0.106582061,0.689824113,0.91788837,0.640866507,0,1,1,1
0.767703069,0.141353792,0.523430817,0.595324076,1,0,0,1
0.372129615,0.73233373,0.65338966,0.004879037,0,1,0,0
0.236185164,0.658656941,0.758573374,0.070171144,0,1,0,0
0.698881655,0.34362827,0.540939074,0.904946348,1,0,0,1
0.634799605,0.403450007,0.99180838,0.40275959,1,1,1,0
0.31014308,0.308100524,0.240752485,0.696230484,0,0,0,1
0.349518359,0.170521754,0.05498989,0.434551025,0,0,0,1
0.286342683,0.392404053,0.67423396,0.534709618,0,1,0,1
0.437772765,0.338519168,0.360348856,0.824676858,0,0,0,1
0.164323885,0.352725947,0.681974658,0.342967744,0,0,0,0
0.161478736,0.517696135,0.966881013,0.668510529,0,1,1,1
0.630024668,0.028800304,0.303501172,0.993775191,1,0,0,1
0.395339053,0.458197466,0.487731457,0.689666018,0,1,0,1
0.88624188,0.478861046,0.150720279,0.861134022,1,1,0,1
0.043585715,0.182130091,0.828152832,0.616643876,0,0,0,1
0.332320684,0.944895645,0.248706159,0.191173119,0,1,0,0
0.384881663,0.535788322,0.989480434,0.363779668,0,1,1,0
0.828049202,0.319166778,0.418341522,0.582541781,1,0,0,1
0.9297877,0.676305896,0.25791731,0.182279956,1,1,0,0
0.531148184,0.542683866,0.27124055,0.216437007,1,1,0,0
0.824891718,0.164462149,0.710805318,0.628569144,1,0,0,1
0.133028904,0.991729424,0.192039747,0.756722413,0,1,0,1
0.588165128,0.186424714,0.20080842,0.422358607,1,0,0,1
0.005032389,0.316159566,0.372086613,0.717792817,0,0,0,1
0.13283008,0.596945742,0.069299869,0.316214118,0,1,0,0
0.453190076,0.034072221,0.09768033,0.50140937,0,0,0,1
0.629537639,0.550318732,0.240927674,0.693373175,1,1,0,1
0.924018318,0.189221835,0.749271536,0.035190729,1,0,0,0
0.009879676,0.2660284,0.826692434,0.211068,0,0,0,0
0.454852937,0.4624087,0.622442173,0.734147029,0,1,0,1
0.604472098,0.3640505,0.437694341,0.815303702,1,0,0,1
0.317221443,0.914865355,0.79295983,0.003843264,0,1,0,0
0.522800226,0.206636147,0.654583192,0.792876779,1,0,0,1
0.53238099,0.672172636,0.559580368,0.394223515,1,1,0,0
0.046487312,0.480601984,0.384132768,0.344930185,0,1,0,0
0.622191565,0.703248442,0.815435564,0.917735619,1,1,0,1
0.343228994,0.989078497,0.374792837,0.155983031,0,1,0,0
0.422233564,0.692912841,0.696077004,0.662780262,0,1,0,1
0.279994911,0.253025233,0.41313596,0.789241838,0,0,0,1
0.910368964,0.694825254,0.101461389,0.661591035,1,1,0,1
0.899705792,0.941534183,0.286424988,0.004502885,1,1,0,0
0.365641898,0.365166315,0.959963118,0.570819061,0,0,1,1
0.799358276,0.177338001,0.410505703,0.130409435,1,0,0,0
0.408331115,0.295411832,0.121917775,0.870952357,0,0,0,1
0.496801688,0.660264482,0.849568532,0.266481837,0,1,1,0
0.385505506,0.139151604,0.919423266,0.743941336,0,0,1,1
0.366618542,0.713747974,0.384776734,0.749776133,0,1,0,1
0.431410009,0.647051218,0.169529633,0.419655843,0,1,0,1
0.359154201,0.161630032,0.128330113,0.024425494,0,0,0,0
0.292392127,0.866107464,0.992033903,0.207786124,0,1,1,0
0.472550467,0.216840069,0.033018468,0.199668621,0,0,0,0
0.878119464,0.545062754,0.541043544,0.671167391,1,1,0,1
0.052689192,0.820772074,0.616401644,0.131079079,0,1,0,0
0.64012256,0.726803816,0.848106291,0.843185908,1,1,1,1
0.719764276,0.665724903,0.102243487,0.03404772,1,1,0,0
0.671000023,0.083089716,0.091039872,0.975056747,1,0,0,1
0.355995975,0.699356469,0.412666275,0.947268102,0,1,0,1
0.053105977,0.000978518,0.55096104,0.726287561,0,0,0,1
0.257209324,0.632888881,0.315015067,0.702077133,0,1,0,1
0.844897605,0.073906366,0.812107624,0.687688576,1,0,0,1
0.563507971,0.59058948,0.93377667,0.238499264,1,1,1,0
0.206320388,0.722778166,0.6252083,0.94662756,0,1,0,1
0.383816838,0.109165264,0.388412152,0.595061607,0,0,0,1
0.06843344,0.267410238,0.616245937,0.499933975,0,0,0,1
0.155937008,0.973538762,0.7233692,0.374615032,0,1,0,0
0.262479805,0.909301816,0.353686382,0.616939457,0,1,0,1
0.164203421,0.821036891,0.24364876,0.739321035,0,1,0,1
0.63836687,0.887641315,0.186950558,0.88924147,1,1,0,1
0.322333504,0.749733698,0.664242879,0.94438708,0,1,0,1
0.457067515,0.784351426,0.000296836,0.753128433,0,1,0,1
0.031679183,0.869623735,0.73582674,0.641371297,0,1,0,1
0.703959487,0.553000446,0.207637985,0.884943128,1,1,0,1
0.836050798,0.244727079,0.253029465,0.899279717,1,0,0,1
0.616849744,0.581340315,0.513978155,0.703826254,1,1,0,1
0.514975627,0.967084155,0.599124204,0.56351876,1,1,0,1
0.89338848,0.885932665,0.532507526,0.29083643,1,1,0,0
0.882102594,0.168424133,0.41541259,0.812093804,1,0,0,1
0.343337443,0.993421106,0.755081676,0.889685233,0,1,0,1
0.210925945,0.542398522,0.566321129,0.487527916,0,1,0,1
0.407777173,0.981722577,0.726127351,0.367331859,0,1,0,0
0.224302636,0.42383994,0.572126249,0.26803324,0,1,0,0
0.16125402,0.698498198,0.719525641,0.443871495,0,1,0,1
0.619922179,0.450658401,0.279221321,0.823553648,1,1,0,1
0.547993603,0.486875767,0.192505873,0.003647212,1,1,0,0
0.152518526,0.794118969,0.429799398,0.920746831,0,1,0,1
0.846034539,0.653297865,0.637472692,0.516218712,1,1,0,1
0.069644185,0.985600234,0.816032179,0.499384922,0,1,0,1
0.436063854,0.539457119,0.852695598,0.88022995,0,1,1,1
0.258986692,0.121806902,0.711109228,0.996129398,0,0,0,1
0.551709829,0.441893718,0.707861297,0.184674974,1,1,0,0
0.817662679,0.462224823,0.844663404,0.751940189,1,1,1,1
0.291843817,0.656070456,0.956894916,0.124761278,0,1,1,0
0.850712184,0.565279434,0.815984776,0.685826787,1,1,0,1
0.459187712,0.89195194,0.665196965,0.052354975,0,1,0,0
0.54021616,0.042923848,0.446816043,0.268816319,1,0,0,0
0.053035026,0.749344943,0.128383472,0.26465992,0,1,0,0
0.117239757,0.059417154,0.625942255,0.389314129,0,0,0,0
0.086899592,0.781798468,0.217016011,0.547591758,0,1,0,1
0.55586833,0.817271671,0.320691518,0.216194607,1,1,0,0
0.030443703,0.685025993,0.861483662,0.952189803,0,1,1,1
0.907066187,0.29613831,0.119196945,0.992207781,1,0,0,1
0.333907626,0.302104613,0.233799578,0.20134836,0,0,0,0
0.331973725,0.356797076,0.315362415,0.068548555,0,0,0,0
0.458508652,0.861099186,0.822192449,0.226110867,0,1,0,0
0.046216837,0.291614012,0.099518305,0.49356984,0,0,0,1
0.524183225,0.752523857,0.087258302,0.165026333,1,1,0,0
0.553383066,0.468207743,0.194723319,0.078189344,1,1,0,0
0.506070467,0.562175439,0.880228298,0.976635038,1,1,1,1
0.648768762,0.564382906,0.24894557,0.839160796,1,1,0,1
0.060586679,0.513893648,0.387096082,0.470569584,0,1,0,1
0.234889269,0.77943751,0.506165382,0.838631082,0,1,0,1
0.239781406,0.693127172,0.36383639,0.787938043,0,1,0,1
0.274289188,0.540804835,0.973345562,0.542639284,0,1,1,1
0.516640757,0.949278273,0.019954908,0.898850609,1,1,0,1
0.778206741,0.35797702,0.23091254,0.263732886,1,0,0,0
0.307955067,0.019222472,0.121107892,0.928146132,0,0,0,1
0.883364325,0.968225924,0.316867256,0.165354766,1,1,0,0
0.941355295,0.513632924,0.837316827,0.158964291,1,1,1,0
0.825248321,0.072493513,0.312832491,0.029012571,1,0,0,0
0.518739998,0.499048736,0.165048429,0.888223987,1,1,0,1
0.32379594,0.631220741,0.321465669,0.060245614,0,1,0,0
0.787697046,0.825205626,0.220144368,0.862117598,1,1,0,1
0.279556211,0.09245744,0.960895098,0.393367063,0,0,1,0
0.123099183,0.968168705,0.58149287,0.652047291,0,1,0,1
0.093550789,0.568521609,0.063997185,0.389349272,0,1,0,0
0.213163929,0.073638714,0.683217862,0.093150442,0,0,0,0
0.783101018,0.304602781,0.069032468,0.21149736,1,0,0,0
0.374547794,0.909808716,0.210379419,0.51662405,0,1,0,1
0.544170249,0.721004628,0.791775017,0.106184154,1,1,0,0
0.411579851,0.734949683,0.648551221,0.856895474,0,1,0,1
0.15732919,0.056782864,0.501815756,0.547686521,0,0,0,1
0.543072581,0.910798764,0.231793633,0.004924028,1,1,0,0
0.577344455,0.300505257,0.277782806,0.836784238,1,0,0,1
0.594962959,0.601470459,0.40111512,0.177423505,1,1,0,0
0.555342167,0.599122264,0.672706758,0.332169467,1,1,0,0
0.701605121,0.603112015,0.83292559,0.045880263,1,1,0,0
0.814906015,0.268421917,0.813075294,0.765239687,1,0,0,1
0.506914821,0.561702238,0.126671488,0.715664838,1,1,0,1
0.122804355,0.171585302,0.14808761,0.906524189,0,0,0,1
0.390220932,0.971104907,0.488865144,0.773505445,0,1,0,1
0.923733539,0.159895807,0.381468981,0.621021505,1,0,0,1
0.082328048,0.618823934,0.323343251,0.459259027,0,1,0,1
0.842009995,0.062922488,0.268001278,0.808428666,1,0,0,1
0.826653229,0.271100407,0.655161465,0.477961206,1,0,0,1
0.830236627,0.219462739,0.528767136,0.163648261,1,0,0,0
0.76213908,0.459508427,0.756203438,0.688924632,1,1,0,1
0.859495702,0.188003344,0.84698926,0.551358059,1,0,1,1
0.31200494,0.039802385,0.379017483,0.041988967,0,0,0,0
0.718693022,0.518740365,0.782146143,0.307212369,1,1,0,0
0.253369219,0.725096576,0.420909199,0.709196671,0,1,0,1
0.544876479,0.309201606,0.758535843,0.892512334,1,0,0,1
0.941595529,0.00862497,0.613602089,0.67995094,1,0,0,1
0.237543969,0.994769365,0.373464671,0.026065772,0,1,0,0
0.538263246,0.679429596,0.245571231,0.652849008,1,1,0,1
0.284846209,0.883366115,0.349815721,0.238754683,0,1,0,0
0.133588623,0.54016839,0.619541282,0.573399663,0,1,0,1
0.161320668,0.447974676,0.365539305,0.406650144,0,1,0,0
0.394678706,0.641895402,0.68368216,0.281096287,0,1,0,0
0.45981217,0.253320007,0.488183714,0.768272893,0,0,0,1
0.673860227,0.499773583,0.541744697,0.566342588,1,1,0,1
0.58710729,0.731413004,0.630468199,0.967608039,1,1,0,1
0.804791858,0.771898728,0.194376679,0.719813342,1,1,0,1
0.012767431,0.839290164,0.796395449,0.179156298,0,1,0,0
0.996601302,0.062668836,0.354545145,0.855596763,1,0,0,1
0.628217522,0.846896937,0.878045197,0.554578818,1,1,1,1
0.952597375,0.353053496,0.205725242,0.979069598,1,0,0,1
0.351764337,0.346342834,0.321507426,0.843896235,0,0,0,1
0.704430287,0.732132795,0.848499266,0.425505474,1,1,1,1
0.531523555,0.053263753,0.390119321,0.945607728,1,0,0,1
0.020568048,0.311926716,0.294549261,0.158632739,0,0,0,0
0.89661665,0.279178089,0.65767385,0.085827981,1,0,0,0
0.881069196,0.875958925,0.112391651,0.9261355,1,1,0,1
0.625217745,0.762883998,0.946387755,0.512040207,1,1,1,1
0.666188577,0.423474085,0.305010541,0.371898788,1,1,0,0
0.586141946,0.891029597,0.542723639,0.066355684,1,1,0,0
0.23357572,0.790954801,0.994807852,0.716962427,0,1,1,1
0.068133645,0.113119667,0.448349136,0.821330443,0,0,0,1
0.190989716,0.099724362,0.998427414,0.626459141,0,0,1,1
0.037619756,0.820759487,0.138935305,0.66592843,0,1,0,1
0.442653151,0.454817839,0.00609289,0.09178849,0,1,0,0
0.506235466,0.526860486,0.914143395,0.600958825,1,1,1,1
0.68484273,0.778564003,0.921519652,0.726696474,1,1,1,1
0.918938782,0.121590835,0.893426863,0.193978107,1,0,1,0
0.579351264,0.328357072,0.617356198,0.876427596,1,0,0,1
0.424208501,0.229363576,0.545180127,0.420676369,0,0,0,1
0.24892577,0.714771227,0.282478593,0.5830722,0,1,0,1
0.308699666,0.220882906,0.499443172,0.275923271,0,0,0,0
0.865598676,0.124070878,0.59356023,0.248768774,1,0,0,0
0.465484178,0.587140521,0.534943659,0.38394579,0,1,0,0
0.130348983,0.048396652,0.547263361,0.811856581,0,0,0,1
0.553872729,0.2700287,0.524763551,0.856397295,1,0,0,1
0.687454267,0.786253954,0.550488673,0.741953023,1,1,0,1
0.409434692,0.682745664,0.114101478,0.471768735,0,1,0,1
0.037238852,0.803442977,0.499209319,0.055516719,0,1,0,0
0.481255186,0.486775143,0.331410038,0.437125792,0,1,0,1
0.851678539,0.478141748,0.625308642,0.622972122,1,1,0,1
0.878667281,0.780753923,0.495177846,0.01933161,1,1,0,0
0.848258717,0.336870998,0.525916917,0.126470325,1,0,0,0
0.176205561,0.679517951,0.382266233,0.998531285,0,1,0,1
0.028279027,0.453848946,0.118858343,0.58797081,0,1,0,1
0.07211011,0.307595003,0.309483904,0.05498852,0,0,0,0
0.84844277,0.926525718,0.720303383,0.253999227,1,1,0,0
0.943758943,0.067476342,0.126078449,0.17828422,1,0,0,0
0.486221521,0.343059675,0.714233131,0.725354831,0,0,0,1
0.238061593,0.800728378,0.896040527,0.112315682,0,1,1,0
0.824126443,0.64413663,0.519053765,0.575021554,1,1,0,1
0.593005379,0.266668493,0.614187853,0.983621735,1,0,0,1
0.546434627,0.595617689,0.396593445,0.030218147,1,1,0,0
0.884575901,0.653579056,0.273037498,0.831126649,1,1,0,1
0.41679837,0.099035859,0.202968074,0.434695309,0,0,0,1
0.381228053,0.84386704,0.245773908,0.976051476,0,1,0,1
0.932155026,0.44936994,0.94807961,0.839393431,1,1,1,1
0.617845741,0.39368461,0.593581513,0.823723576,1,1,0,1
0.835357016,0.060240838,0.931030544,0.929413082,1,0,1,1
0.759074112,0.52322313,0.604288591,0.313679329,1,1,0,0
0.623642451,0.105923286,0.065665647,0.508195098,1,0,0,1
0.603780165,0.479820822,0.193774426,0.320789702,1,1,0,0
0.116986776,0.094133103,0.210973441,0.676167084,0,0,0,1
0.324998729,0.441135006,0.755126109,0.40556342,0,1,0,0
0.362366148,0.404908729,0.328929867,0.330215437,0,1,0,0
0.533128334,0.740480998,0.582772256,0.666837308,1,1,0,1
0.234062523,0.153178445,0.805171089,0.996792373,0,0,0,1
0.236305679,0.757272328,0.936465188,0.318467693,0,1,1,0
0.22704637,0.40639453,0.632576398,0.532228766,0,1,0,1
0.437205316,0.810934205,0.444960598,0.172684282,0,1,0,0
0.54283047,0.5682444,0.388946133,0.642655166,1,1,0,1
0.829855289,0.071565218,0.46672213,0.179632442,1,0,0,0
0.596991093,0.182505849,0.789341954,0.14831308,1,0,0,0
0.781511291,0.228541875,0.546150593,0.88922013,1,0,0,1
0.726924346,0.385956159,0.622879384,0.398255532,1,1,0,0
0.529879802,0.66641165,0.623853326,0.650412972,1,1,0,1
0.918383671,0.930271937,0.891658461,0.680427058,1,1,1,1
0.877819491,0.166264414,0.216092426,0.475823892,1,0,0,1
0.013160804,0.431663948,0.496370926,0.051976853,0,1,0,0
0.927037372,0.530068184,0.048780564,0.841614392,1,1,0,1
0.266619642,0.335286871,0.694890422,0.539579961,0,0,0,1
0.920257075,0.039031834,0.594852505,0.658067142,1,0,0,1
0.006457007,0.771994521,0.515443315,0.404165684,0,1,0,0
0.440546559,0.541613645,0.665147908,0.286143198,0,1,0,0
0.292894047,0.208302143,0.29476272,0.979106657,0,0,0,1
0.943028718,0.202476741,0.189457539,0.553107297,1,0,0,1
0.51350604,0.10995155,0.521488279,0.168476279,1,0,0,0
0.858887661,0.231643635,0.433149011,0.646705232,1,0,0,1
0.778724218,0.484641054,0.917168782,0.162570685,1,1,1,0
0.649278448,0.489544181,0.462289453,0.568759481,1,1,0,1
0.666594675,0.855914392,0.429465748,0.763281966,1,1,0,1
0.350487362,0.623124881,0.905484162,0.941256137,0,1,1,1
0.94752423,0.230805782,0.661505495,0.957191736,1,0,0,1
0.878887142,0.871909672,0.112527241,0.411632378,1,1,0,0
0.606443825,0.909375973,0.534721407,0.302023266,1,1,0,0
0.564180939,0.817379568,0.739535008,0.184280297,1,1,0,0
0.875758193,0.031939011,0.910648284,0.79366313,1,0,1,1
0.550493288,0.486204378,0.750348894,0.124607638,1,1,0,0
0.96728702,0.131706565,0.771845425,0.762455216,1,0,0,1
0.290402548,0.92428054,0.916137776,0.899214087,0,1,1,1
0.186934698,0.30176694,0.891407088,0.208289036,0,0,1,0
0.356594315,0.577046787,0.997630859,0.128323113,0,1,1,0
0.784667161,0.213595322,0.948731867,0.225718657,1,0,1,0
0.095275293,0.58433861,0.358003363,0.304534187,0,1,0,0
0.977750632,0.017996737,0.679080458,0.584213623,1,0,0,1
0.99556021,0.206661717,0.834199902,0.633569565,1,0,1,1
0.522630459,0.961503537,0.995444448,0.176497326,1,1,1,0
0.911670398,0.228636237,0.747359338,0.642785137,1,0,0,1
0.336090668,0.789959973,0.670657497,0.864220043,0,1,0,1
0.864752818,0.156347804,0.439507682,0.136346414,1,0,0,0
0.474626763,0.973470036,0.161290352,0.852365585,0,1,0,1
0.15335431,0.568405608,0.338930341,0.275883104,0,1,0,0
0.814416178,0.617707326,0.124061949,0.258539273,1,1,0,0
0.829805718,0.680276373,0.671683159,0.865896829,1,1,0,1
0.924775132,0.027547224,0.404263186,0.364149279,1,0,0,0
0.982068212,0.355380095,0.204762695,0.289695398,1,0,0,0
0.35968193,0.131079352,0.204786198,0.556602001,0,0,0,1
0.41050492,0.147867792,0.258550387,0.021269457,0,0,0,0
0.66690581,0.447401162,0.778810348,0.482607458,1,1,0,1
0.017578336,0.802664569,0.534039008,0.436702522,0,1,0,1
0.498794009,0.825692581,0.354859496,0.778750323,0,1,0,1
0.554438756,0.215030359,0.847664996,0.137149336,1,0,1,0
0.114596065,0.655875127,0.533705485,0.983667625,0,1,0,1
0.828859655,0.444864994,0.312892399,0.821494408,1,1,0,1
0.953368175,0.945983531,0.935060254,0.192987842,1,1,1,0
0.093542403,0.424968658,0.159660262,0.37544194,0,1,0,0
0.483597125,0.246221891,0.400611979,0.572304018,0,0,0,1
0.035913218,0.55713315,0.078003879,0.367390635,0,1,0,0
0.729078185,0.291207856,0.35996815,0.524378349,1,0,0,1
0.307600673,0.333461543,0.235898531,0.369271112,0,0,0,0
0.628145402,0.544263595,0.666446808,0.265527549,1,1,0,0
0.707678828,0.436526695,0.815709462,0.123873659,1,1,0,0
0.302635112,0.154995011,0.493147276,0.901714025,0,0,0,1
0.650296308,0.184284591,0.664394447,0.630235973,1,0,0,1
0.072711466,0.048109366,0.79172341,0.016731859,0,0,0,0
0.299801483,0.488100987,0.93940976,0.189846511,0,1,1,0
0.734571997,0.642366272,0.776950458,0.880565314,1,1,0,1
0.814340865,0.820216378,0.520597603,0.435601683,1,1,0,1
0.027154637,0.353039381,0.936936703,0.683700155,0,0,1,1
0.304475763,0.719149566,0.368423937,0.39949263,0,1,0,0
0.606615673,0.564968006,0.771318124,0.944192228,1,1,0,1
0.800860774,0.940929188,0.572733842,0.788024831,1,1,0,1
0.046911193,0.752137477,0.624621112,0.57388474,0,1,0,1
0.656543174,0.014786496,0.626627391,0.497872317,1,0,0,1
0.517193002,0.071645641,0.831679549,0.60963628,1,0,0,1
0.837477204,0.646655779,0.21005065,0.564305907,1,1,0,1
0.39035107,0.513352505,0.709883565,0.125771007,0,1,0,0
0.034778161,0.322580883,0.044482345,0.62601852,0,0,0,1
0.254945529,0.289348993,0.159928602,0.404867907,0,0,0,0
0.75099393,0.617350781,0.213084908,0.829235337,1,1,0,1
0.004573537,0.2323012,0.733038728,0.279664602,0,0,0,0
0.396729156,0.626336532,0.431586775,0.647108999,0,1,0,1
0.255454339,0.59692054,0.923619432,0.491197299,0,1,1,1
0.463838985,0.408968971,0.63898599,0.853326511,0,1,0,1
0.265590728,0.76915343,0.913377359,0.611938181,0,1,1,1
0.653483307,0.717787802,0.572702207,0.707297098,1,1,0,1
0.885961462,0.516006492,0.855121011,0.95308009,1,1,1,1
0.088705633,0.491522751,0.332042948,0.10682697,0,1,0,0
0.9941825,0.151164126,0.476358773,0.552678782,1,0,0,1
0.166528023,0.139694074,0.495748057,0.670392987,0,0,0,1
0.925585493,0.796782648,0.357071727,0.332263885,1,1,0,0
0.786801477,0.803429306,0.778766122,0.077277263,1,1,0,0
0.227588891,0.128063267,0.208862209,0.796619085,0,0,0,1
0.423002475,0.535979039,0.81282612,0.091651438,0,1,0,0
0.260619624,0.136816979,0.562471798,0.746239147,0,0,0,1
0.667212879,0.224073988,0.658412612,0.876846702,1,0,0,1
0.834836655,0.125091641,0.070427138,0.483317957,1,0,0,1
0.649142982,0.285283915,0.057452208,0.52219318,1,0,0,1
0.153002576,0.966081985,0.726405017,0.418061992,0,1,0,1
0.364396897,0.691594834,0.726084283,0.59218884,0,1,0,1
0.460027394,0.844650947,0.359311575,0.560515227,0,1,0,1
0.971212863,0.316678878,0.331257354,0.615947429,1,0,0,1
0.754965789,0.157432499,0.929996996,0.11663026,1,0,1,0
0.676735322,0.960292089,0.91784561,0.281489717,1,1,1,0
0.677572122,0.661872466,0.946086413,0.906208481,1,1,1,1
0.843512305,0.917245416,0.111634017,0.898297625,1,1,0,1
0.652546855,0.952885425,0.347816577,0.766865102,1,1,0,1
0.225794895,0.155934579,0.835102568,0.245238247,0,0,1,0
0.160925504,0.97607207,0.205530517,0.832047275,0,1,0,1
0.40469873,0.961478563,0.946905036,0.71113627,0,1,1,1
0.941653159,0.379551217,0.48590118,0.996484678,1,0,0,1
0.506489554,0.989831239,0.878452433,0.015482188,1,1,1,0
0.02597458,0.399401495,0.23649325,0.57281286,0,1,0,1
0.23714788,0.764463284,0.203227044,0.594688769,0,1,0,1
0.998679338,0.230785475,0.869774491,0.246948317,1,0,1,0
0.47103413,0.96261015,0.151599015,0.990837514,0,1,0,1
0.113457475,0.740358202,0.335805663,0.748263587,0,1,0,1
0.099251647,0.662806441,0.743172772,0.53592927,0,1,0,1
0.419837546,0.852330058,0.264674565,0.818769264,0,1,0,1
0.929353923,0.260554308,0.537046698,0.491348435,1,0,0,1
0.230954198,0.590052608,0.376873021,0.430765279,0,1,0,1
0.763678232,0.802895553,0.31466724,0.793630304,1,1,0,1
0.907341302,0.214743467,0.511515538,0.839324652,1,0,0,1
0.068097092,0.930115538,0.895863995,0.42601998,0,1,1,1
0.665480581,0.165505633,0.049989586,0.871451023,1,0,0,1
0.236023836,0.710074391,0.544728953,0.807529788,0,1,0,1
0.817857446,0.431369206,0.427119519,0.792550962,1,1,0,1
0.016502653,0.909256163,0.613230914,0.956016888,0,1,0,1
0.205099093,0.990661375,0.201214473,0.420841685,0,1,0,1
0.206982903,0.361432001,0.439354815,0.026995335,0,0,0,0
0.989397051,0.081794537,0.573753244,0.794691967,1,0,0,1
0.900602625,0.319176173,0.431871489,0.507792216,1,0,0,1
0.723938699,0.859173454,0.199274513,0.410769144,1,1,0,0
0.340680396,0.072851549,0.65757063,0.141169412,0,0,0,0
0.356046338,0.535615228,0.908023282,0.455566467,0,1,1,1
0.519450469,0.559880442,0.452462254,0.540541416,1,1,0,1
0.57723047,0.798042691,0.035537044,0.054524837,1,1,0,0
0.036718796,0.140389198,0.810426662,0.188772934,0,0,0,0
0.10519194,0.766146191,0.919204262,0.998068005,0,1,1,1
0.865834263,0.170278772,0.983928169,0.220292343,1,0,1,0
0.133389332,0.42142143,0.020390868,0.197775193,0,1,0,0
0.312005463,0.240083954,0.635470395,0.029709359,0,0,0,0
0.298176069,0.180020288,0.590277459,0.802849012,0,0,0,1
0.976378696,0.277267809,0.236069851,0.918146066,1,0,0,1
0.892668387,0.077428381,0.283986455,0.524104963,1,0,0,1
0.012213145,0.284355582,0.846786724,0.637836642,0,0,1,1
0.900295303,0.132668909,0.752158531,0.656879963,1,0,0,1
0.284876305,0.580524008,0.59003165,0.761763121,0,1,0,1
0.555008081,0.533180003,0.577146923,0.924026275,1,1,0,1
0.911008713,0.273092419,0.600795112,0.776201942,1,0,0,1
0.554244986,0.781875015,0.801508059,0.751817655,1,1,0,1
0.791980079,0.353008844,0.96143641,0.774288057,1,0,1,1
0.383268299,0.613263791,0.293673689,0.420652408,0,1,0,1
0.455442128,0.795649443,0.556872727,0.288956216,0,1,0,0
0.060092053,0.160868628,0.975789878,0.830071381,0,0,1,1
0.25563478,0.191790928,0.211553077,0.843438504,0,0,0,1
0.303999048,0.650169427,0.204997476,0.566828112,0,1,0,1
0.808132486,0.915483096,0.28164499,0.244080148,1,1,0,0
0.403900811,0.847622147,0.765261599,0.393189144,0,1,0,0
0.17856562,0.802884959,0.484932204,0.276512794,0,1,0,0
0.845788559,0.313077292,0.115296903,0.283558587,1,0,0,0
0.692579244,0.497602937,0.488779746,0.814340401,1,1,0,1
0.182565211,0.824598602,0.198143463,0.753878089,0,1,0,1
0.948690841,0.714235151,0.57128768,0.538868508,1,1,0,1
0.361641101,0.402163467,0.841638742,0.835915023,0,1,1,1
0.577810355,0.963873638,0.48706863,0.501651138,1,1,0,1
0.324879436,0.382079391,0.186460338,0.75686742,0,0,0,1
0.964612515,0.584199321,0.425630074,0.968552865,1,1,0,1
0.146783861,0.535033802,0.424634375,0.751438598,0,1,0,1
0.08940742,0.074315615,0.211420765,0.741621505,0,0,0,1
0.691479077,0.023394359,0.945243598,0.351951076,1,0,1,0
0.186446722,0.845708206,0.609397822,0.359111623,0,1,0,0
0.400240976,0.035492469,0.349413703,0.754264396,0,0,0,1
0.451011431,0.137831109,0.081618067,0.489087262,0,0,0,1
0.424068948,0.02348205,0.726858676,0.447930751,0,0,0,1
0.221832145,0.103843366,0.8274837,0.698580148,0,0,0,1
0.821434212,0.259475681,0.9139992,0.870983536,1,0,1,1
0.980599551,0.119491831,0.213356536,0.86941787,1,0,0,1
0.730355448,0.593920592,0.770220176,0.321079436,1,1,0,0
0.644904939,0.250460972,0.014457718,0.244874859,1,0,0,0
0.739852818,0.942925269,0.529111223,0.978987632,1,1,0,1
0.206234783,0.648254447,0.462145692,0.7366125,0,1,0,1
0.601213098,0.077989656,0.04818767,0.742080621,1,0,0,1
0.238493323,0.511762947,0.876164252,0.06926282,0,1,1,0
0.625409632,0.886538278,0.540049274,0.400450258,1,1,0,0
0.11401891,0.080802097,0.158853465,0.311383892,0,0,0,0
0.21016545,0.033681351,0.496431787,0.212798366,0,0,0,0
0.025612438,0.396106454,0.103143611,0.054748586,0,1,0,0
0.877315193,0.078056388,0.523932307,0.53191018,1,0,0,1
0.427464096,0.351015765,0.852433142,0.869086696,0,0,1,1
0.649999003,0.681225435,0.321138467,0.014098153,1,1,0,0
0.346252668,0.566534072,0.854714741,0.815651941,0,1,1,1
0.324073327,0.118511419,0.304767676,0.587107442,0,0,0,1
0.043002909,0.593320648,0.427812099,0.987172287,0,1,0,1
0.953062559,0.600321891,0.400583947,0.149799212,1,1,0,0
0.413397443,0.828486679,0.852837069,0.276483161,0,1,1,0
0.153202627,0.614438996,0.677283153,0.42199322,0,1,0,1
0.866799034,0.576842557,0.5608205,0.965855537,1,1,0,1
0.008118699,0.708423351,0.345392248,0.295682419,0,1,0,0
0.302134146,0.81415682,0.400900549,0.177264739,0,1,0,0
0.237130922,0.594352592,0.56633359,0.946658973,0,1,0,1
0.344170938,0.159031228,0.052606722,0.223110587,0,0,0,0
0.690850037,0.227257265,0.163580161,0.599831686,1,0,0,1
0.33044349,0.238059786,0.204322037,0.503099972,0,0,0,1
0.365241761,0.952040224,0.169574975,0.024387109,0,1,0,0
0.914043084,0.611695235,0.273475687,0.142728352,1,1,0,0
0.812362883,0.334331978,0.067092276,0.829861352,1,0,0,1
0.926233899,0.030950971,0.808163782,0.72773187,1,0,0,1
0.473139496,0.13556857,0.942458272,0.748581719,0,0,1,1
0.032283359,0.377102092,0.166051429,0.176777671,0,0,0,0
0.642271881,0.146763542,0.120691034,0.687503423,1,0,0,1
0.03658267,0.634478786,0.234374457,0.616298994,0,1,0,1
0.918979754,0.970393132,0.486744458,0.33360867,1,1,0,0
0.077580992,0.722317568,0.043972427,0.204923786,0,1,0,0
0.679619544,0.913628638,0.079031211,0.442237176,1,1,0,1
0.837665822,0.92524795,0.680940298,0.044849005,1,1,0,0
0.170605053,0.855349442,0.812074023,0.835635525,0,1,0,1
0.73985414,0.454132312,0.15835144,0.489290609,1,1,0,1
0.385236478,0.636869829,0.288580138,0.852256831,0,1,0,1
0.749664471,0.207961445,0.414744331,0.144195001,1,0,0,0
0.835351516,0.668543588,0.550372803,0.415959122,1,1,0,0
0.978450485,0.248371147,0.176495851,0.62137391,1,0,0,1
0.703943466,0.269013778,0.290467845,0.59893335,1,0,0,1
0.622717806,0.066926028,0.280491896,0.036684903,1,0,0,0
0.14515804,0.929233573,0.712963818,0.039309512,0,1,0,0
0.812252293,0.254094386,0.893161068,0.929375016,1,0,1,1
0.894879884,0.443344016,0.595076501,0.396490821,1,1,0,0
0.040639649,0.857883354,0.069455154,0.449106107,0,1,0,1
0.447650583,0.212892419,0.68816191,0.457235706,0,0,0,1
0.153591677,0.704398255,0.782302937,0.962435157,0,1,0,1
0.989852525,0.896631599,0.44841387,0.208933847,1,1,0,0
0.143275641,0.131309174,0.2707761,0.074450802,0,0,0,0
0.12806217,0.678674864,0.449863154,0.040532129,0,1,0,0
0.613174621,0.699857782,0.051698446,0.252070655,1,1,0,0
0.481253574,0.82342968,0.878366945,0.305795161,0,1,1,0
0.253008539,0.338212547,0.179787227,0.415932854,0,0,0,0
0.324003076,0.052867673,0.3545332,0.867373128,0,0,0,1
0.4511238,0.551411965,0.317424833,0.212649661,0,1,0,0
0.281985875,0.316854866,0.354387685,0.13592627,0,0,0,0
0.376579345,0.425591718,0.65491223,0.2715188,0,1,0,0
0.778148195,0.097928504,0.637759959,0.962670311,1,0,0,1
0.256117824,0.913110534,0.769475815,0.896239994,0,1,0,1
0.12158683,0.454210585,0.596821317,0.220854345,0,1,0,0
0.885398792,0.417015227,0.607959311,0.620818521,1,1,0,1
0.370517055,0.133531258,0.939981611,0.128653092,0,0,1,0
0.032233103,0.257523818,0.366862509,0.234632336,0,0,0,0
0.346712509,0.713815784,0.202064538,0.795486276,0,1,0,1
0.858482847,0.222949794,0.960921131,0.897123212,1,0,1,1
0.766793251,0.246565565,0.992886746,0.867227045,1,0,1,1
0.663410959,0.972185349,0.195964813,0.510173752,1,1,0,1
0.708771797,0.75497127,0.60006467,0.732207529,1,1,0,1
0.354937041,0.321636105,0.646174832,0.721775121,0,0,0,1
0.289790878,0.624261082,0.604172669,0.61897514,0,1,0,1
0.943939014,0.268041361,0.133916876,0.984288935,1,0,0,1
0.076229791,0.005298139,0.243772419,0.904831877,0,0,0,1
0.898759952,0.996532291,0.054079116,0.556047139,1,1,0,1
0.228139887,0.115786185,0.394997208,0.926695236,0,0,0,1
0.762725529,0.267037221,0.607646525,0.999953699,1,0,0,1
0.298246034,0.53188356,0.952526158,0.994849461,0,1,1,1
0.67901596,0.895023448,0.611164197,0.796190787,1,1,0,1
0.053760426,0.835624853,0.102771771,0.306742475,0,1,0,0
0.029312364,0.104044576,0.784729617,0.392323757,0,0,0,0
0.387298162,0.985097598,0.539541357,0.051361638,0,1,0,0
0.164564667,0.366564689,0.136685671,0.019084186,0,0,0,0
0.291545301,0.221745843,0.335847209,0.470261171,0,0,0,1
0.889709608,0.119549042,0.045590339,0.579750228,1,0,0,1
0.243635544,0.927707094,0.123532748,0.012911879,0,1,0,0
0.150829419,0.626104186,0.505176308,0.577788493,0,1,0,1
0.87902031,0.003504189,0.861221498,0.965584486,1,0,1,1
0.139705446,0.925655245,0.805077007,0.68388621,0,1,0,1
0.617733238,0.439067493,0.358341854,0.724607177,1,1,0,1
0.667639277,0.847661457,0.580609014,0.372252463,1,1,0,0
0.364135079,0.859663398,0.4724555,0.88155809,0,1,0,1
0.334957279,0.739262444,0.634204142,0.690995711,0,1,0,1
0.719151318,0.790586641,0.075978478,0.060981702,1,1,0,0
0.526159826,0.553976494,0.587009058,0.21811249,1,1,0,0
0.753680669,0.707385271,0.741346137,0.364810961,1,1,0,0
0.739140271,0.942512569,0.514474448,0.480382334,1,1,0,1
0.897624297,0.380941117,0.883547749,0.518471089,1,0,1,1
0.623086367,0.480162055,0.935113192,0.11370629,1,1,1,0
0.219859641,0.175597677,0.562504121,0.756913753,0,0,0,1
0.941172653,0.407366023,0.604242302,0.497856407,1,1,0,1
0.588597953,0.980210519,0.114988472,0.09452087,1,1,0,0
0.004457682,0.865223224,0.618613741,0.533907712,0,1,0,1
0.40303563,0.965697963,0.131544377,0.993198421,0,1,0,1
0.611565743,0.097988164,0.123053414,0.001313403,1,0,0,0
0.379239474,0.904200056,0.019172148,0.826589687,0,1,0,1
0.032214925,0.947805735,0.930508058,0.558996492,0,1,1,1
0.292455637,0.245062545,0.668078777,0.198577207,0,0,0,0
0.252017427,0.795513216,0.086639039,0.586530768,0,1,0,1
0.15249727,0.268576623,0.023350872,0.646234608,0,0,0,1
0.235669335,0.972157396,0.242556215,0.382055584,0,1,0,0
0.696188753,0.423049767,0.345082792,0.78437574,1,1,0,1
0.512551254,0.605661541,0.522564891,0.495046891,1,1,0,1
0.319498593,0.760057633,0.312973453,0.593048636,0,1,0,1
0.775124591,0.855502178,0.578338996,0.870447008,1,1,0,1
0.021578121,0.737021962,0.670887608,0.004186766,0,1,0,0
0.329387456,0.799043964,0.8892242,0.845288623,0,1,1,1
0.331491917,0.522189968,0.902536354,0.055498475,0,1,1,0
0.386276382,0.528490025,0.065433894,0.806175145,0,1,0,1
0.954708636,0.520315876,0.802431525,0.591850093,1,1,0,1
0.723312291,0.324625977,0.356247135,0.059021101,1,0,0,0
0.386315456,0.82197465,0.189422499,0.196061137,0,1,0,0
0.52437697,0.964172161,0.390144685,0.798036237,1,1,0,1
0.805222812,0.8284411,0.109834165,0.667092157,1,1,0,1
0.39127552,0.802004178,0.454998665,0.824730966,0,1,0,1
0.736640222,0.615356599,0.430983241,0.299606728,1,1,0,0
0.26082067,0.8894289,0.49487944,0.339179305,0,1,0,0
0.358257522,0.637111592,0.777707541,0.256292951,0,1,0,0
0.281977485,0.160449323,0.988117828,0.034354551,0,0,1,0
0.914967851,0.243962656,0.263810822,0.854241886,1,0,0,1
0.83997994,0.515223943,0.894745161,0.576102705,1,1,1,1
0.09198502,0.819233552,0.074474535,0.108491303,0,1,0,0
0.774285399,0.157375477,0.962755656,0.414616686,1,0,1,0
0.479023672,0.249045433,0.751252006,0.522387618,0,0,0,1
0.986613085,0.018879587,0.414415116,0.692042473,1,0,0,1
0.137090428,0.507061006,0.261228174,0.209453284,0,1,0,0
0.17604829,0.442496676,0.78247936,0.018971521,0,1,0,0
0.102598218,0.238536851,0.166977616,0.775119717,0,0,0,1
0.905933921,0.748285951,0.935800453,0.352227363,1,1,1,0
0.774195371,0.65015362,0.905280432,0.845484937,1,1,1,1
0.384241378,0.088268147,0.607068752,0.667085239,0,0,0,1
0.682468996,0.332463177,0.431650201,0.08353608,1,0,0,0
0.262616591,0.847112666,0.244373481,0.47097301,0,1,0,1
0.330019245,0.577641862,0.569309004,0.412173504,0,1,0,0
0.906030474,0.110668768,0.46966885,0.854514896,1,0,0,1
0.068605187,0.673763501,0.534498363,0.946798933,0,1,0,1
0.712809133,0.834795238,0.922238869,0.679530117,1,1,1,1
0.632148114,0.533527088,0.966737454,0.095179471,1,1,1,0
0.223524321,0.880092083,0.482731552,0.635984559,0,1,0,1
0.766283707,0.698219673,0.041739667,0.471791099,1,1,0,1
0.956791319,0.494300736,0.654469798,0.050287058,1,1,0,0
0.805911561,0.709754437,0.134801509,0.4337254,1,1,0,1
0.583571106,0.543182393,0.813416926,0.630247428,1,1,0,1
0.309671751,0.235821318,0.461406659,0.869913713,0,0,0,1
0.627791622,0.079708064,0.952089889,0.334108862,1,0,1,0
0.725025855,0.795419236,0.687353224,0.433622136,1,1,0,1
0.100189552,0.285628265,0.497455489,0.522239531,0,0,0,1
0.518285119,0.776386649,0.757455413,0.740385605,1,1,0,1
0.043622928,0.464507455,0.912835978,0.576959981,0,1,1,1
0.529682104,0.390833083,0.101389962,0.854610674,1,1,0,1
0.469236907,0.192749303,0.387460884,0.120235907,0,0,0,0
0.181648203,0.529753829,0.451814652,0.867395669,0,1,0,1
0.168538457,0.475654327,0.360911848,0.163406137,0,1,0,0
0.723917492,0.434333675,0.359468063,0.325759526,1,1,0,0
0.75964906,0.590220141,0.411416183,0.075534219,1,1,0,0
0.795780509,0.412912595,0.443766862,0.458967605,1,1,0,1
0.612143459,0.944694689,0.536968209,0.208456696,1,1,0,0
0.633010825,0.175189421,0.137555654,0.855071413,1,0,0,1
0.226039868,0.889454805,0.464289628,0.285543405,0,1,0,0
0.437075649,0.243978619,0.691546421,0.213975805,0,0,0,0
0.029391422,0.080113024,0.788283509,0.443654218,0,0,0,1
0.856287094,0.641831899,0.872451814,0.040614151,1,1,1,0
0.875331644,0.230724462,0.227120157,0.062464497,1,0,0,0
0.407977953,0.726354448,0.618071204,0.598321073,0,1,0,1
0.415527638,0.792065709,0.299472016,0.114160641,0,1,0,0
0.991104338,0.119495237,0.018405399,0.151593221,1,0,0,0
0.468298465,0.830042688,0.897024763,0.592718117,0,1,1,1
0.472732376,0.934825653,0.831646537,0.401273878,0,1,0,0
0.544270515,0.093879422,0.055952985,0.87057464,1,0,0,1
0.006128128,0.462585405,0.084282947,0.286218947,0,1,0,0
0.768431077,0.28614641,0.040836679,0.672793617,1,0,0,1
0.559398484,0.813100517,0.310422717,0.810477868,1,1,0,1
0.841854321,0.203534812,0.052862944,0.795922951,1,0,0,1
0.116584196,0.117347677,0.129519461,0.963331463,0,0,0,1
0.82341359,0.68854555,0.3385601,0.455761258,1,1,0,1
0.350933865,0.136253116,0.701127732,0.113993649,0,0,0,0
0.343734262,0.144665553,0.406398497,0.804641465,0,0,0,1
0.380445189,0.721637998,0.915439003,0.586328005,0,1,1,1
0.991848509,0.966984393,0.71162971,0.843192612,1,1,0,1
0.458907863,0.512302154,0.877882135,0.674745067,0,1,1,1
0.017403688,0.985017019,0.517916286,0.963819935,0,1,0,1
0.005370917,0.513134876,0.410307729,0.068209229,0,1,0,0
0.315110895,0.149706411,0.506387269,0.268081788,0,0,0,0
0.279369868,0.097647951,0.897878423,0.721317915,0,0,1,1
0.897728327,0.928793569,0.047066149,0.782800983,1,1,0,1
0.799615768,0.22402324,0.341050759,0.178502886,1,0,0,0
0.992380453,0.775987547,0.832295326,0.66435557,1,1,0,1
0.522236352,0.763801558,0.588175223,0.523895512,1,1,0,1
0.184983859,0.494569144,0.975151811,0.811504962,0,1,1,1
0.944797853,0.89520174,0.456683466,0.260246885,1,1,0,0
0.638311929,0.334124546,0.230022371,0.602648053,1,0,0,1
0.855758376,0.049146018,0.538707586,0.395828755,1,0,0,0
0.053143038,0.242104725,0.993258684,0.218244781,0,0,1,0
0.889178183,0.203973791,0.085169304,0.391584997,1,0,0,0
0.286322868,0.992831336,0.189044052,0.988980172,0,1,0,1
0.554530785,0.832221209,0.100865277,0.84167268,1,1,0,1
0.515156976,0.342156206,0.696012493,0.889208672,1,0,0,1
0.94712938,0.131801913,0.351813762,0.080342138,1,0,0,0
0.837032917,0.807325241,0.358344916,0.202142048,1,1,0,0
0.980598259,0.907478208,0.444419433,0.509726639,1,1,0,1
0.380916454,0.855189062,0.891920892,0.308891868,0,1,1,0
0.47784226,0.222565723,0.849460332,0.114094965,0,0,1,0
0.030654511,0.975158921,0.258264895,0.154973381,0,1,0,0
0.505536143,0.28133471,0.857112715,0.616473951,1,0,1,1
0.249004333,0.470756839,0.097525254,0.037588469,0,1,0,0
0.46832776,0.578620955,0.014243987,0.34437052,0,1,0,0
0.296103946,0.015370334,0.30094238,0.481376544,0,0,0,1
0.76575269,0.460227005,0.150777769,0.011691817,1,1,0,0
0.3496618,0.023657683,0.683977195,0.198099859,0,0,0,0
0.223657832,0.429521345,0.5607063,0.202519223,0,1,0,0
0.557029333,0.589055501,0.897954318,0.304978664,1,1,1,0
0.816829874,0.452087501,0.129730194,0.261142617,1,1,0,0
0.908906194,0.422751225,0.805728159,0.833372208,1,1,0,1
0.07621117,0.990453072,0.138242782,0.290568063,0,1,0,0
0.600909481,0.203434314,0.948195769,0.562896407,1,0,1,1
0.843313622,0.984775881,0.800261833,0.191332101,1,1,0,0
0.078089606,0.100404275,0.403686404,0.458136764,0,0,0,1
0.825731972,0.404319564,0.344739021,0.391992335,1,1,0,0
0.948133149,0.640272311,0.604438282,0.13040893,1,1,0,0
0.900900658,0.470391171,0.693817483,0.05078321,1,1,0,0
0.166757815,0.262577563,0.966801485,0.535300379,0,0,1,1
0.875257932,0.304094156,0.648121006,0.576601743,1,0,0,1
0.870307571,0.02074259,0.266614049,0.886771044,1,0,0,1
0.519584329,0.828308957,0.685449932,0.769787198,1,1,0,1
0.389823708,0.239807689,0.375217589,0.20436361,0,0,0,0
0.302261445,0.509461691,0.472680069,0.028303922,0,1,0,0
0.366991415,0.373085996,0.979259924,0.050467093,0,0,1,0
0.019934231,0.920014535,0.003331951,0.365891251,0,1,0,0
0.272963079,0.201029851,0.628158023,0.137041956,0,0,0,0
0.269984296,0.833849229,0.056821605,0.261609905,0,1,0,0
0.054407766,0.088213106,0.596811369,0.464850926,0,0,0,1
0.18601266,0.212606301,0.581618993,0.223269233,0,0,0,0
0.382098629,0.803385855,0.685237132,0.583167537,0,1,0,1
0.926282593,0.658588233,0.431577103,0.163683901,1,1,0,0
0.579727481,0.099398368,0.690777681,0.986486077,1,0,0,1
0.438838532,0.817407325,0.950982291,0.501674685,0,1,1,1
0.230431077,0.794660164,0.407790813,0.264377867,0,1,0,0
0.464960408,0.041701102,0.805648588,0.655480826,0,0,0,1
0.469340655,0.213342023,0.946179636,0.801346617,0,0,1,1
0.295133405,0.057874962,0.895578967,0.951392779,0,0,1,1
0.881016012,0.677142827,0.348445412,0.377766808,1,1,0,0
0.624440313,0.794832866,0.412480589,0.026925812,1,1,0,0
0.859449799,0.594508249,0.623126756,0.238924155,1,1,0,0
0.414304259,0.030504572,0.734957274,0.95223255,0,0,0,1
0.65687611,0.170097436,0.260723162,0.323926084,1,0,0,0
0.16898493,0.75449422,0.717064876,0.588880285,0,1,0,1
0.04608319,0.953374289,0.972399381,0.742254312,0,1,1,1
0.673630708,0.511101695,0.640220863,0.072984994,1,1,0,0
0.629051235,0.078007361,0.8144081,0.393205897,1,0,0,0
0.20313166,0.440699965,0.249079701,0.581220717,0,1,0,1
0.647664416,0.406206207,0.711211299,0.5584116,1,1,0,1
0.661823103,0.226913321,0.104845548,0.909042535,1,0,0,1
0.649781102,0.298523236,0.715544844,0.170098605,1,0,0,0
0.475276845,0.570343474,0.032729947,0.509189934,0,1,0,1
0.905873217,0.197305714,0.284236287,0.170203401,1,0,0,0
0.051149812,0.468719384,0.268124044,0.907629086,0,1,0,1
0.980034852,0.721735498,0.130226756,0.022459784,1,1,0,0
0.924799461,0.615840458,0.67556256,0.822756701,1,1,0,1
0.87738266,0.016119054,0.518977045,0.832053409,1,0,0,1
0.67184763,0.0939961,0.616303875,0.570460926,1,0,0,1
0.931379946,0.194043857,0.966812071,0.837911269,1,0,1,1
0.128823293,0.84319285,0.267460817,0.791183593,0,1,0,1
0.335075072,0.989090596,0.89207405,0.067534799,0,1,1,0
0.120684183,0.384619862,0.437326957,0.577984574,0,1,0,1
0.750042489,0.689497983,0.205514568,0.381365996,1,1,0,0
0.907041713,0.516652353,0.992657526,0.070351326,1,1,1,0
0.925102514,0.561377238,0.402332362,0.31319702,1,1,0,0
0.802668322,0.821906781,0.444600647,0.663069769,1,1,0,1
0.342733291,0.449001481,0.104171523,0.39428205,0,1,0,0
0.348368633,0.654774208,0.385985919,0.943473636,0,1,0,1
0.000780348,0.711128402,0.4724048,0.953392209,0,1,0,1
0.867777437,0.543025766,0.226883753,0.745400905,1,1,0,1
0.650915387,0.379352253,0.81029794,0.24636589,1,0,0,0
0.477893748,0.024049762,0.164039619,0.008166364,0,0,0,0
0.614193152,0.002608076,0.941128042,0.870731367,1,0,1,1
0.170670787,0.883173093,0.778980758,0.319100678,0,1,0,0
0.649382134,0.440567292,0.830494357,0.614423002,1,1,0,1
0.56879587,0.475725645,0.925644066,0.928697157,1,1,1,1
0.378984248,0.868112307,0.977990923,0.468902561,0,1,1,1
0.606026054,0.363967502,0.139475706,0.03732709,1,0,0,0
0.339836172,0.762982155,0.011324339,0.783835525,0,1,0,1
0.114219101,0.043013605,0.545059163,0.617549239,0,0,0,1
0.558209838,0.79152443,0.848134682,0.723201311,1,1,1,1
0.674860828,0.108631938,0.38795518,0.330930149,1,0,0,0
0.998228523,0.015838019,0.957714619,0.728294069,1,0,1,1
0.24050199,0.642177278,0.119874743,0.142484874,0,1,0,0
0.180854308,0.041219744,0.190659921,0.226327871,0,0,0,0
0.133393267,0.476503767,0.196258669,0.74648046,0,1,0,1
0.806712303,0.490763289,0.106941148,0.481147416,1,1,0,1
0.478700046,0.069497002,0.505167546,0.828586383,0,0,0,1
0.101242439,0.829528676,0.602138981,0.428106948,0,1,0,1
0.036622505,0.302798561,0.78090695,0.591686036,0,0,0,1
0.545767887,0.118883005,0.087880622,0.59845683,1,0,0,1
0.88184815,0.021703413,0.741022627,0.010884887,1,0,0,0
0.229748364,0.837064469,0.087703399,0.057103093,0,1,0,0
0.013589759,0.176741638,0.172119861,0.035483913,0,0,0,0
0.50999904,0.745855121,0.863905625,0.084561711,1,1,1,0
0.988685094,0.463660798,0.261620006,0.517907412,1,1,0,1
0.376465532,0.328261676,0.979360709,0.921915809,0,0,1,1
0.76076942,0.271035491,0.952312352,0.944945165,1,0,1,1
0.404589611,0.472849652,0.848858748,0.904454632,0,1,1,1
0.617865793,0.917554292,0.393985452,0.950702933,1,1,0,1
0.14501419,0.411139901,0.820953361,0.65676233,0,1,0,1
0.057426781,0.566089085,0.453671706,0.958797895,0,1,0,1
0.318854188,0.841310395,0.177980166,0.755047619,0,1,0,1
0.402749673,0.929910825,0.169799914,0.251805114,0,1,0,0
0.679393368,0.780119917,0.651601722,0.303774848,1,1,0,0
0.336412903,0.332768938,0.136163758,0.147660061,0,0,0,0
0.122754192,0.931577284,0.350368195,0.916917614,0,1,0,1
0.634025053,0.95607732,0.721553178,0.96362568,1,1,0,1
0.977170283,0.873519092,0.401999342,0.186371126,1,1,0,0
0.795597828,0.604449413,0.384647705,0.20653131,1,1,0,0
0.472146263,0.984345688,0.690342524,0.968982088,0,1,0,1
0.450039601,0.238644923,0.841666135,0.332393031,0,0,1,0
0.921844238,0.988110233,0.327344848,0.073299669,1,1,0,0
0.69007048,0.6690939,0.395223211,0.3765466,1,1,0,0
0.387829761,0.092496688,0.980145433,0.54252451,0,0,1,1
0.645450938,0.272756758,0.975566626,0.698063437,1,0,1,1
0.474137569,0.989502707,0.640395296,0.015982632,0,1,0,0
0.253454417,0.697440838,0.805936929,0.518504716,0,1,0,1
0.603382691,0.155148579,0.113645287,0.643508407,1,0,0,1
0.352693985,0.953709423,0.489935087,0.549738032,0,1,0,1
0.083747581,0.035983713,0.315649446,0.490010264,0,0,0,1
0.716889226,0.256422198,0.215583284,0.326848858,1,0,0,0
0.902971305,0.541090212,0.264732736,0.101408888,1,1,0,0
0.103295143,0.162683738,0.613313559,0.592440445,0,0,0,1
0.352436116,0.935170732,0.149367661,0.758455001,0,1,0,1
0.166642164,0.38127237,0.225421467,0.013396205,0,0,0,0
0.583006427,0.378166866,0.198112622,0.368692632,1,0,0,0
0.958341678,0.508080713,0.603086212,0.190844144,1,1,0,0
0.563201275,0.932976979,0.875738969,0.545970198,1,1,1,1
0.62513102,0.120490531,0.07175048,0.821618181,1,0,0,1
0.332273338,0.509850428,0.135322002,0.818131186,0,1,0,1
0.715230087,0.268338927,0.945370655,0.823889951,1,0,1,1
0.505572033,0.255251351,0.994888692,0.657812677,1,0,1,1
0.679823965,0.432159429,0.758685455,0.00475073,1,1,0,0
0.747339944,0.862592954,0.373490353,0.001399417,1,1,0,0
0.897127264,0.848924792,0.122510292,0.550074699,1,1,0,1
0.636116278,0.310896508,0.458345277,0.814796726,1,0,0,1
0.149068823,0.937911544,0.997472074,0.9572339,0,1,1,1
0.960788127,0.675350089,0.393962084,0.559499042,1,1,0,1
0.340869562,0.631915391,0.902554532,0.936122719,0,1,1,1
0.462591044,0.671677346,0.602518475,0.085940754,0,1,0,0
0.527236365,0.807538311,0.790087948,0.203784215,1,1,0,0
0.049355009,0.348629206,0.614069245,0.796616956,0,0,0,1
0.143631259,0.693480986,0.674166438,0.865649407,0,1,0,1
0.847572499,0.181085235,0.807007939,0.637389225,1,0,0,1
0.433959025,0.0750389,0.337649383,0.088414266,0,0,0,0
0.576990976,0.763223134,0.899580748,0.515845837,1,1,1,1
0.74188606,0.745933367,0.568525145,0.286149722,1,1,0,0
0.949048362,0.41451092,0.613265177,0.038646191,1,1,0,0
0.482740939,0.108957317,0.193771223,0.588616245,0,0,0,1
0.566776528,0.711123373,0.596007652,0.271764782,1,1,0,0
0.615504597,0.064066756,0.44143943,0.982820653,1,0,0,1
0.526652383,0.748063777,0.151024794,0.272410424,1,1,0,0
0.341647368,0.162075582,0.417449761,0.916579728,0,0,0,1
0.492353674,0.581124774,0.093767501,0.107620244,0,1,0,0
0.277550705,0.310401592,0.004427766,0.390323376,0,0,0,0
0.712647341,0.727573719,0.444449552,0.037544516,1,1,0,0
0.163902635,0.659460538,0.261239959,0.756981336,0,1,0,1
0.848185462,0.42714799,0.750592499,0.727024935,1,1,0,1
0.980293131,0.606750581,0.652004944,0.152137805,1,1,0,0
0.795325837,0.902958493,0.233072455,0.787427177,1,1,0,1
0.527832703,0.009595693,0.059551415,0.997751862,1,0,0,1
0.854573332,0.948641374,0.82070669,0.604489894,1,1,0,1
0.282842047,0.04966232,0.73338537,0.128566335,0,0,0,0
0.910759793,0.075806067,0.317053339,0.301360237,1,0,0,0
0.642284134,0.905188711,0.290922532,0.786573434,1,1,0,1
0.934301274,0.233131458,0.308562874,0.780096889,1,0,0,1
0.194704733,0.07341616,0.872788461,0.390537949,0,0,1,0
0.319549722,0.922435936,0.054761049,0.542746148,0,1,0,1
0.620767121,0.625428992,0.285847375,0.667551226,1,1,0,1
0.545811172,0.034251913,0.097382149,0.216125282,1,0,0,0
0.528119745,0.946160159,0.643980338,0.479009105,1,1,0,1
0.132826357,0.400458603,0.160652358,0.441629654,0,1,0,1
0.368421601,0.398943456,0.685994762,0.099865471,0,1,0,0
0.678733192,0.523336333,0.828413896,0.215537991,1,1,0,0
0.039030308,0.710840418,0.939943649,0.455413321,0,1,1,1
0.605250433,0.362073696,0.077496624,0.010684712,1,0,0,0
0.89817476,0.651225657,0.879877402,0.51067984,1,1,1,1
0.830633933,0.952625757,0.123008136,0.771506784,1,1,0,1
0.640630293,0.160021366,0.69050214,0.191902323,1,0,0,0
0.367893906,0.606346607,0.419890555,0.99670911,0,1,0,1
0.207797006,0.135545572,0.463886191,0.394519366,0,0,0,0
0.116695216,0.058624287,0.341100861,0.952924944,0,0,0,1
0.236518705,0.455331053,0.077864403,0.883687559,0,1,0,1
0.248468968,0.778694144,0.508243992,0.668572167,0,1,0,1
0.139825983,0.452217224,0.671073004,0.999377766,0,1,0,1
0.741970911,0.766367077,0.155954622,0.206492527,1,1,0,0
0.763817779,0.493127685,0.557496167,0.398516955,1,1,0,0
0.392488311,0.986432653,0.070617382,0.604816524,0,1,0,1
0.744152528,0.623616139,0.490397627,0.697681599,1,1,0,1
0.95804554,0.136362145,0.496858336,0.8561513,1,0,0,1
0.105484929,0.232213594,0.206976994,0.1287453,0,0,0,0
0.577633068,0.526267667,0.022515669,0.584546943,1,1,0,1
0.347883883,0.514174953,0.516805625,0.760118536,0,1,0,1
0.399589451,0.166603305,0.959632661,0.786543602,0,0,1,1
0.451793899,0.107457825,0.106403223,0.014935946,0,0,0,0
0.305560065,0.72721457,0.335868614,0.631813185,0,1,0,1
0.745604498,0.271800461,0.337676301,0.703697252,1,0,0,1
0.168046684,0.321113127,0.111038547,0.594217615,0,0,0,1
0.287905588,0.826982084,0.599060259,0.755668404,0,1,0,1
0.74718365,0.093019811,0.873359012,0.655470664,1,0,1,1
0.388640472,0.099390513,0.142186016,0.65253496,0,0,0,1
0.188031036,0.775648505,0.424076003,0.339949092,0,1,0,0
0.907153974,0.207774634,0.55227108,0.03980745,1,0,0,0
0.295399429,0.398406575,0.010730007,0.810452072,0,1,0,1
0.891703998,0.756302931,0.529110186,0.241508313,1,1,0,0
0.797250622,0.032968373,0.24239168,0.196930459,1,0,0,0
0.122430087,0.945713564,0.763328915,0.967836126,0,1,0,1
0.485199374,0.611945779,0.465328093,0.270860836,0,1,0,0
0.152872242,0.655117646,0.142972986,0.333147458,0,1,0,0
0.88384784,0.756702792,0.466135452,0.595471944,1,1,0,1
0.117058584,0.471107981,0.553092875,0.310656587,0,1,0,0
0.703307108,0.373369576,0.121815911,0.271356547,1,0,0,0
0.999051942,0.897949064,0.870366302,0.239017793,1,1,1,0
0.821378632,0.632544959,0.148894049,0.53429819,1,1,0,1
0.654824205,0.30938432,0.576861867,0.004790485,1,0,0,0
0.394065416,0.443287809,0.873613023,0.890346494,0,1,1,1
0.779087374,0.152357222,0.745133602,0.207222586,1,0,0,0
0.788539585,0.86761348,0.036831412,0.905970204,1,1,0,1
0.944107185,0.838283524,0.470749597,0.521046369,1,1,0,1
0.861932447,0.561305424,0.039990207,0.195404388,1,1,0,0
0.084804747,0.885913568,0.330908333,0.442164951,0,1,0,1
0.411410059,0.18695335,0.014123562,0.027968317,0,0,0,0
0.230072395,0.073492402,0.750728683,0.682011043,0,0,0,1
0.076755815,0.909907843,0.934605711,0.232897572,0,1,1,0
0.600420845,0.014416803,0.022082761,0.957514511,1,0,0,1
0.01361465,0.942543693,0.098875089,0.823362843,0,1,0,1
0.877215578,0.863771912,0.797846451,0.334954501,1,1,0,0
0.510822596,0.045184121,0.611438152,0.776543815,1,0,0,1
0.450155959,0.717983125,0.161348613,0.527752685,0,1,0,1
0.305993346,0.336272079,0.121746455,0.018696736,0,0,0,0
0.570349204,0.373726952,0.707508241,0.696792707,1,0,0,1
0.431332301,0.651879009,0.730738127,0.740972507,0,1,0,1
0.933624282,0.197123,0.299401338,0.593151518,1,0,0,1
0.802281686,0.633934363,0.625973105,0.084042717,1,1,0,0
0.318014121,0.745269121,0.236657763,0.665116543,0,1,0,1
0.995847081,0.145458161,0.129837034,0.992337801,1,0,0,1
0.691050241,0.789861435,0.52939691,0.150717745,1,1,0,0
0.099602033,0.770957093,0.983165236,0.2496686,0,1,1,0
0.984659031,0.784194273,0.316869553,0.803830563,1,1,0,1
0.228214828,0.253359623,0.025574926,0.931453974,0,0,0,1
0.988424981,0.704113793,0.3555116,0.577117407,1,1,0,1
0.235913004,0.464607792,0.016315963,0.691042283,0,1,0,1
0.311955873,0.612712199,0.602393173,0.586925502,0,1,0,1
0.529443252,0.428287467,0.526866356,0.135387157,1,1,0,0
0.789201902,0.540779629,0.599500163,0.334685837,1,1,0,0
0.339080186,0.760371855,0.130801106,0.463517174,0,1,0,1
0.145000286,0.413956452,0.179784043,0.852939018,0,1,0,1
0.675811196,0.7618381,0.527212124,0.987239316,1,1,0,1
0.500991652,0.721433013,0.926148504,0.301068773,1,1,1,0
0.748261334,0.4462071,0.627922571,0.137324134,1,1,0,0
0.627336399,0.502766572,0.305336791,0.337147927,1,1,0,0
0.477792035,0.142898897,0.530486343,0.611194831,0,0,0,1
0.598817136,0.32185727,0.521334506,0.548850164,1,0,0,1
0.362102154,0.206407998,0.487645319,0.726373265,0,0,0,1
0.054103308,0.690892136,0.451913596,0.853536279,0,1,0,1
0.644704243,0.933262059,0.003492128,0.23831582,1,1,0,0
0.915041285,0.555037699,0.726846424,0.218683148,1,1,0,0
0.461500409,0.373431767,0.672054765,0.90879674,0,0,0,1
0.627939112,0.586786009,0.845558633,0.444433897,1,1,1,1
0.380331814,0.665449231,0.883037939,0.778901794,0,1,1,1
0.29204082,0.022579199,0.270264862,0.707796097,0,0,0,1
0.502936427,0.584826511,0.046294949,0.321513357,1,1,0,0
0.472094067,0.927813679,0.460782413,0.61486669,0,1,0,1
0.667297044,0.047861243,0.549200246,0.005923033,1,0,0,0
0.720165042,0.982982399,0.926549861,0.21539398,1,1,1,0
0.077434434,0.692237804,0.66231554,0.656510009,0,1,0,1
0.320084965,0.897696497,0.203259629,0.198487484,0,1,0,0
0.983975429,0.029852389,0.675138416,0.166289211,1,0,0,0
0.253504321,0.391443448,0.817505237,0.496414636,0,1,0,1
0.746923944,0.87357616,0.553525113,0.6149961,1,1,0,1
0.652382829,0.680579812,0.715287815,0.176903322,1,1,0,0
0.712420399,0.984357168,0.897299383,0.496576286,1,1,1,1
0.580629068,0.778012688,0.607594533,0.041302158,1,1,0,0
0.115398945,0.000381871,0.76619977,0.506122853,0,0,0,1
0.474970206,0.908608206,0.153660482,0.447194316,0,1,0,1
0.26403156,0.239445441,0.775477262,0.793879718,0,0,0,1
0.399230655,0.232306813,0.00127377,0.501648041,0,0,0,1
0.245627292,0.609022905,0.947909149,0.670324115,0,1,1,1
0.945533472,0.141400795,0.136196704,0.762377968,1,0,0,1
0.892796659,0.804250786,0.932779629,0.712596373,1,1,1,1
0.54489989,0.177237141,0.394362825,0.735321289,1,0,0,1
0.102572566,0.457628836,0.945428054,0.190895657,0,1,1,0
0.308992706,0.202655971,0.398313835,0.928782675,0,0,0,1
0.232845575,0.394560518,0.300644778,0.969797182,0,1,0,1
0.837998357,0.201434997,0.344992889,0.999899031,1,0,0,1
0.019835074,0.460683993,0.134913382,0.902105697,0,1,0,1
0.619971607,0.272236721,0.615240157,0.773431045,1,0,0,1
0.187328136,0.716159314,0.440811873,0.739292142,0,1,0,1
0.676359521,0.767636215,0.603188228,0.998907069,1,1,0,1
0.562308151,0.64653533,0.674113651,0.821011447,1,1,0,1
0.779261084,0.848715074,0.379606348,0.177471238,1,1,0,0
0.933064941,0.217652958,0.90420549,0.11488923,1,0,1,0
0.393565812,0.297301188,0.108965233,0.168232692,0,0,0,0
0.296121327,0.100146079,0.096852469,0.133490134,0,0,0,0
0.534851018,0.615021963,0.53690832,0.559607368,1,1,0,1
0.43095551,0.184387765,0.558306829,0.975534271,0,0,0,1
